Time,Day_of_week,Age_band_of_driver,Sex_of_driver,Educational_level,Vehicle_driver_relation,Driving_experience,Type_of_vehicle,Owner_of_vehicle,Service_year_of_vehicle,Defect_of_vehicle,Area_accident_occured,Lanes_or_Medians,Road_allignment,Types_of_Junction,Road_surface_type,Road_surface_conditions,Light_conditions,Weather_conditions,Type_of_collision,Number_of_vehicles_involved,Number_of_casualties,Vehicle_movement,Casualty_class,Sex_of_casualty,Age_band_of_casualty,Casualty_severity,Work_of_casuality,Fitness_of_casuality,Pedestrian_movement,Cause_of_accident,Accident_severity,Hour
20:12:00,Friday,Unknown,Male,Junior high school,Employee,2-5yr,Lorry (41?100Q),Owner,Above 10yr,No defect,Office areas,other,Tangent road with flat terrain,O Shape,Asphalt roads,Dry,Darkness - lights lit,Normal,Collision with roadside objects,1,1,Going straight,Pedestrian,Female,Over 51,3,Driver,Normal,"In carriageway, statioNot a Pedestrianry - not crossing  (standing or playing)",Driving carelessly,Slight Injury,20
19:38:00,Wednesday,18-30,Male,High school,Employee,Above 10yr,Taxi,Owner,1-2yr,No defect,Office areas,Undivided Two way,Escarpments,No junction,Asphalt roads,Wet or damp,Darkness - lights lit,Normal,Vehicle with vehicle collision,2,1,Going straight,Pedestrian,Female,18-30,3,Self-employed,Normal,Crossing from offside - masked by  parked or statioNot a Pedestrianry vehicle,No priority to pedestrian,Slight Injury,19
19:38:00,Wednesday,31-50,Male,Elementary school,Employee,5-10yr,Lorry (41?100Q),Owner,Unknown,No defect,Office areas,One way,Tangent road with flat terrain,No junction,Asphalt roads,Wet or damp,Darkness - lights lit,Normal,Vehicle with vehicle collision,2,1,Going straight,na,na,na,na,Self-employed,Normal,Not a Pedestrian,No priority to vehicle,Slight Injury,19
8:14:00,Monday,18-30,Male,Junior high school,Employee,Above 10yr,Lorry (41?100Q),Owner,Unknown,No defect,Office areas,Undivided Two way,Tangent road with flat terrain,Other,Asphalt roads,Wet or damp,Daylight,Raining and Windy,Collision with roadside objects,2,1,Going straight,Driver or rider,Female,18-30,3,Driver,Normal,Not a Pedestrian,Moving Backward,Slight Injury,8
8:14:00,Monday,Over 51,Male,Writing & reading,Employee,2-5yr,Other,Owner,Unknown,No defect,Office areas,other,Tangent road with flat terrain,Other,Asphalt roads,Wet or damp,Daylight,Raining and Windy,Collision with roadside objects,2,1,Going straight,Driver or rider,Male,18-30,2,Driver,Normal,Not a Pedestrian,Changing lane to the right,Slight Injury,8
13:45:00,Thursday,31-50,Male,Junior high school,Employee,2-5yr,Stationwagen,Owner,Above 10yr,No defect,Residential areas,other,Tangent road with flat terrain,Crossing,Asphalt roads,Wet or damp,Daylight,Raining,Vehicle with vehicle collision,2,1,Going straight,na,na,na,na,Other,Normal,Not a Pedestrian,No distancing,Serious Injury,13
13:45:00,Thursday,31-50,Male,High school,Employee,2-5yr,Stationwagen,Owner,5-10yrs,No defect,Residential areas,One way,Tangent road with flat terrain,Crossing,Asphalt roads,Wet or damp,Daylight,Raining,Vehicle with vehicle collision,2,1,Other,na,na,na,na,Employee,Normal,Not a Pedestrian,Driving carelessly,Serious Injury,13
17:45:00,Tuesday,Unknown,Female,Junior high school,Employee,1-2yr,Lorry (41?100Q),Owner,Unknown,No defect,Other,One way,Tangent road with flat terrain,Y Shape,Asphalt roads,Wet or damp,Darkness - lights lit,Raining,Vehicle with vehicle collision,1,1,Going straight,Driver or rider,Male,31-50,3,Driver,Normal,Not a Pedestrian,Changing lane to the left,Serious Injury,17
14:13:00,Wednesday,Unknown,Male,High school,Employee,5-10yr,Lorry (41?100Q),Owner,5-10yrs,No defect,Church areas,Undivided Two way,Tangent road with flat terrain,Crossing,Asphalt roads,Dry,Daylight,Normal,Collision with roadside objects,2,1,Going straight,na,na,na,na,Driver,Normal,Not a Pedestrian,Moving Backward,Slight Injury,14
14:13:00,Wednesday,31-50,Male,Elementary school,Employee,2-5yr,Other,Owner,Unknown,No defect,Recreational areas,other,Tangent road with flat terrain,Crossing,Asphalt roads,Dry,Daylight,Normal,Vehicle with vehicle collision,2,1,Going straight,Driver or rider,Male,31-50,3,Employee,Normal,Not a Pedestrian,No distancing,Slight Injury,14
17:00:00,Wednesday,Unknown,Male,Junior high school,Employee,1-2yr,Automobile,Owner,Unknown,No defect,Industrial areas,Undivided Two way,Tangent road with flat terrain,No junction,Asphalt roads,Dry,Darkness - lights lit,Normal,Vehicle with vehicle collision,2,1,Going straight,Passenger,Female,31-50,3,Driver,Normal,Not a Pedestrian,Changing lane to the right,Slight Injury,17
17:00:00,Wednesday,18-30,Male,Elementary school,Employee,1-2yr,Automobile,Owner,Unknown,No defect,Residential areas,other,Tangent road with flat terrain,No junction,Asphalt roads,Dry,Darkness - lights lit,Normal,Vehicle with vehicle collision,2,1,Going straight,Passenger,Female,Over 51,3,Driver,Normal,Not a Pedestrian,No priority to vehicle,Slight Injury,17
17:40:00,Friday,31-50,Male,High school,Employee,No Licence,Taxi,Owner,Above 10yr,No defect,Residential areas,other,Tangent road with rolling terrain,Other,Asphalt roads,Wet or damp,Darkness - lights unlit,Raining,Rollover,1,1,Going straight,Driver or rider,Female,18-30,3,Driver,Normal,Not a Pedestrian,Getting off the vehicle improperly,Slight Injury,17
23:00:00,Saturday,31-50,Male,Junior high school,Owner,5-10yr,Lorry (41?100Q),Owner,2-5yrs,No defect,Office areas,Double carriageway (median),Tangent road with flat terrain,Y Shape,Asphalt roads,Dry,Darkness - lights unlit,Normal,Vehicle with vehicle collision,2,2,Going straight,na,na,na,na,Driver,Normal,Not a Pedestrian,No distancing,Serious Injury,23
23:00:00,Saturday,18-30,Male,Junior high school,Employee,1-2yr,Other,Owner,2-5yrs,No defect,Market areas,Undivided Two way,Tangent road with flat terrain,Y Shape,Asphalt roads,Dry,Darkness - lights unlit,Normal,Vehicle with vehicle collision,2,2,Other,Driver or rider,Male,31-50,3,Driver,Normal,Not a Pedestrian,No distancing,Serious Injury,23
19:35:00,Thursday,Over 51,Male,Junior high school,Employee,2-5yr,Automobile,Owner,Unknown,No defect,Unknown,other,Tangent road with flat terrain,Y Shape,Asphalt roads,Dry,Darkness - lights lit,Normal,Collision with pedestrians,2,2,Going straight,Pedestrian,Male,31-50,3,Driver,Normal,Crossing from nearside - masked by parked or statioNot a Pedestrianry vehicle,Changing lane to the left,Slight Injury,19
19:35:00,Thursday,18-30,Male,Junior high school,Employee,5-10yr,Public (> 45 seats),Owner,Unknown,No defect,Industrial areas,other,Tangent road with flat terrain,Y Shape,Asphalt roads,Dry,Darkness - lights lit,Normal,Vehicle with vehicle collision,2,2,Going straight,Pedestrian,Female,18-30,3,Driver,Normal,Unknown or other,No priority to vehicle,Slight Injury,19
19:35:00,Thursday,18-30,Male,Junior high school,Employee,5-10yr,Stationwagen,Owner,Unknown,No defect,Residential areas,Two-way (divided with solid lines road marking),Tangent road with flat terrain,Y Shape,Asphalt roads,Dry,Darkness - lights lit,Normal,Vehicle with vehicle collision,2,2,Going straight,na,na,na,na,Driver,Normal,Not a Pedestrian,Driving carelessly,Slight Injury,19
19:57:00,Tuesday,18-30,Male,Junior high school,Employee,5-10yr,Automobile,Governmental,Below 1yr,No defect,Residential areas,Undivided Two way,Tangent road with flat terrain,No junction,Asphalt roads,Dry,Darkness - lights lit,Normal,Vehicle with vehicle collision,1,1,Going straight,Driver or rider,Male,31-50,3,Driver,Normal,Not a Pedestrian,Changing lane to the right,Serious Injury,19
12:37:00,Tuesday,18-30,Male,Junior high school,Employee,2-5yr,Lorry (41?100Q),Owner,5-10yrs,No defect,Other,Undivided Two way,Tangent road with flat terrain,No junction,Asphalt roads,Dry,Daylight,Normal,Vehicle with vehicle collision,2,2,Going straight,na,na,na,na,Driver,Normal,Not a Pedestrian,No distancing,Slight Injury,12
12:37:00,Tuesday,Over 51,Male,Junior high school,Employee,Above 10yr,Other,Governmental,Unknown,No defect,Residential areas,other,Tangent road with flat terrain,No junction,Asphalt roads,Dry,Daylight,Normal,Collision with roadside objects,2,2,Going straight,Driver or rider,Male,Over 51,3,Driver,Normal,Not a Pedestrian,Changing lane to the right,Slight Injury,12
8:30:00,Tuesday,Over 51,Male,Junior high school,Owner,Above 10yr,Public (13?45 seats),Owner,1-2yr,No defect,Rural village areas,Undivided Two way,Gentle horizontal curve,Y Shape,Asphalt roads,Dry,Daylight,Normal,Vehicle with vehicle collision,2,1,Going straight,na,na,na,na,Self-employed,Normal,Not a Pedestrian,No distancing,Slight Injury,8
8:30:00,Tuesday,Unknown,Male,Junior high school,Employee,5-10yr,Other,Owner,2-5yrs,No defect,Rural village areas,Undivided Two way,Gentle horizontal curve,Y Shape,Asphalt roads,Dry,Daylight,Normal,Vehicle with vehicle collision,2,1,Going straight,Driver or rider,Male,18-30,3,Self-employed,Normal,Not a Pedestrian,Driving under the influence of drugs,Slight Injury,8
10:45:00,Friday,Over 51,Male,Elementary school,Owner,Above 10yr,Other,Owner,Unknown,No defect,Office areas,Double carriageway (median),Tangent road with flat terrain,No junction,Asphalt roads,Dry,Daylight,Normal,Vehicle with vehicle collision,2,1,Going straight,Driver or rider,Male,18-30,3,Driver,Normal,Not a Pedestrian,Changing lane to the left,Slight Injury,10
10:45:00,Friday,18-30,Male,Junior high school,Employee,5-10yr,Ridden horse,Owner,2-5yrs,No defect,Residential areas,Undivided Two way,Gentle horizontal curve,No junction,Asphalt roads,Dry,Daylight,Normal,Vehicle with vehicle collision,2,1,Moving Backward,na,na,na,na,Driver,Normal,Not a Pedestrian,Getting off the vehicle improperly,Slight Injury,10
21:00:00,Monday,31-50,Male,Junior high school,Owner,5-10yr,Lorry (41?100Q),Owner,Unknown,No defect,Residential areas,other,Tangent road with flat terrain,No junction,Asphalt roads,Wet or damp,Darkness - lights lit,Normal,Collision with roadside objects,1,1,Going straight,Passenger,Female,18-30,3,Driver,Normal,Not a Pedestrian,Overloading,Slight Injury,21
0:35:00,Friday,18-30,Male,Junior high school,Owner,Above 10yr,Lorry (41?100Q),Owner,Unknown,7,Outside rural areas,other,Tangent road with flat terrain,No junction,Asphalt roads,Wet or damp,Darkness - lights lit,Raining,Vehicle with vehicle collision,1,1,Going straight,na,na,na,na,Driver,Normal,Not a Pedestrian,Driving carelessly,Slight Injury,0
9:09:00,Wednesday,31-50,Male,High school,Owner,Above 10yr,Pick up upto 10Q,Owner,Above 10yr,No defect,Residential areas,other,Tangent road with flat terrain,No junction,Asphalt roads,Dry,Daylight,Normal,Collision with roadside objects,4,2,Going straight,Driver or rider,Female,Over 51,3,Driver,Normal,Not a Pedestrian,Overtaking,Slight Injury,9
9:09:00,Wednesday,31-50,Male,Junior high school,Employee,5-10yr,Lorry (11?40Q),Owner,5-10yrs,5,Church areas,other,Tangent road with flat terrain,No junction,Asphalt roads,Dry,Daylight,Normal,Vehicle with vehicle collision,4,2,Going straight,na,na,na,na,Driver,Normal,Not a Pedestrian,No distancing,Slight Injury,9
9:09:00,Wednesday,31-50,Male,Elementary school,Employee,5-10yr,Automobile,Owner,Unknown,No defect,Office areas,Undivided Two way,Tangent road with flat terrain,No junction,Asphalt roads,Dry,Daylight,Normal,Rollover,4,2,Moving Backward,Passenger,Female,31-50,3,Other,Normal,Not a Pedestrian,Overturning,Slight Injury,9
9:09:00,Wednesday,18-30,Male,Elementary school,Owner,Above 10yr,Automobile,Owner,Unknown,No defect,Office areas,Two-way (divided with broken lines road marking),Tangent road with mountainous terrain and,No junction,Asphalt roads,Dry,Daylight,Normal,Vehicle with vehicle collision,4,2,Going straight,Driver or rider,Male,18-30,3,Employee,Normal,Not a Pedestrian,Driving carelessly,Slight Injury,9
8:24:00,Wednesday,18-30,Male,Junior high school,Owner,Below 1yr,Pick up upto 10Q,Governmental,Unknown,No defect,Office areas,Two-way (divided with broken lines road marking),Escarpments,No junction,Asphalt roads,Wet or damp,Daylight,Other,Vehicle with vehicle collision,2,2,Other,na,na,na,na,Self-employed,Normal,Not a Pedestrian,No priority to pedestrian,Slight Injury,8
8:24:00,Wednesday,31-50,Male,Junior high school,Owner,2-5yr,Automobile,Owner,2-5yrs,No defect,Other,Undivided Two way,Tangent road with mountainous terrain and,No junction,Asphalt roads,Wet or damp,Daylight,Other,Vehicle with vehicle collision,2,2,Other,Pedestrian,Male,Under 18,2,Driver,Normal,Not a Pedestrian,No distancing,Slight Injury,8
12:07:00,Wednesday,31-50,Male,Junior high school,Owner,2-5yr,Other,Owner,2-5yrs,No defect,Other,Undivided Two way,Tangent road with flat terrain,Crossing,Asphalt roads,Wet or damp,Daylight,Raining,Vehicle with vehicle collision,2,1,Going straight,Driver or rider,Female,18-30,3,Driver,Normal,Not a Pedestrian,No priority to vehicle,Slight Injury,12
12:07:00,Wednesday,31-50,Male,High school,Owner,5-10yr,Lorry (41?100Q),Owner,Unknown,No defect,Residential areas,Two-way (divided with broken lines road marking),Tangent road with flat terrain,Crossing,Asphalt roads,Wet or damp,Daylight,Raining,Vehicle with vehicle collision,2,1,Going straight,Passenger,Male,Under 18,3,Other,Normal,Not a Pedestrian,Getting off the vehicle improperly,Slight Injury,12
0:54:00,Friday,18-30,Male,Junior high school,Owner,5-10yr,Public (13?45 seats),Owner,Unknown,No defect,Other,Two-way (divided with broken lines road marking),Tangent road with flat terrain,Crossing,Asphalt roads,Wet or damp,Darkness - lights lit,Raining,Collision with pedestrians,2,1,Going straight,Passenger,Female,31-50,3,Driver,Normal,Not a Pedestrian,No priority to pedestrian,Slight Injury,0
0:54:00,Friday,18-30,Male,Junior high school,Owner,Below 1yr,Pick up upto 10Q,Owner,Below 1yr,No defect,Other,Undivided Two way,Tangent road with mild grade and flat terrain,Crossing,Asphalt roads,Wet or damp,Darkness - lights lit,Raining,Rollover,2,1,Going straight,na,na,na,na,Driver,Normal,Not a Pedestrian,Changing lane to the right,Slight Injury,0
8:24:00,Saturday,18-30,Male,Elementary school,Owner,Above 10yr,Stationwagen,Owner,5-10yrs,No defect,Other,Two-way (divided with broken lines road marking),Tangent road with flat terrain,Crossing,Asphalt roads,Dry,Daylight,Normal,Vehicle with vehicle collision,2,1,Other,na,na,na,na,Driver,Normal,Not a Pedestrian,Moving Backward,Slight Injury,8
8:24:00,Saturday,31-50,Male,Elementary school,Owner,Below 1yr,Other,Governmental,5-10yrs,No defect,Other,Undivided Two way,Tangent road with flat terrain,Crossing,Asphalt roads,Dry,Daylight,Normal,Rollover,2,1,Going straight,Driver or rider,Male,18-30,3,Driver,Normal,Not a Pedestrian,Changing lane to the left,Slight Injury,8
16:54:00,Monday,Unknown,Female,Junior high school,Owner,5-10yr,Pick up upto 10Q,Owner,2-5yrs,No defect,Other,Double carriageway (median),Tangent road with mild grade and flat terrain,Y Shape,Asphalt roads,Wet or damp,Darkness - lights lit,Normal,Vehicle with vehicle collision,2,1,Getting off,Pedestrian,Male,Over 51,3,Driver,Normal,Not a Pedestrian,No distancing,Slight Injury,16
16:54:00,Monday,18-30,Male,Junior high school,Owner,5-10yr,Public (13?45 seats),Owner,Unknown,No defect,Other,Two-way (divided with broken lines road marking),Tangent road with flat terrain,Y Shape,Asphalt roads,Wet or damp,Darkness - lights lit,Normal,Vehicle with vehicle collision,2,1,Going straight,Pedestrian,Male,31-50,3,Driver,Normal,Not a Pedestrian,Driving carelessly,Slight Injury,16
14:45:00,Sunday,Unknown,Male,Junior high school,Owner,5-10yr,Public (12 seats),Owner,2-5yrs,No defect,Church areas,Two-way (divided with broken lines road marking),Tangent road with flat terrain,Y Shape,Asphalt roads,Wet or damp,Daylight,Normal,Vehicle with vehicle collision,2,1,Going straight,Passenger,Male,Under 18,3,Driver,Normal,Not a Pedestrian,Driving under the influence of drugs,Slight Injury,14
14:45:00,Sunday,18-30,Male,Junior high school,Employee,1-2yr,Lorry (41?100Q),Owner,5-10yrs,No defect,Other,Undivided Two way,Tangent road with flat terrain,Y Shape,Asphalt roads,Wet or damp,Daylight,Normal,Fall from vehicles,2,1,Going straight,Passenger,Male,31-50,3,Driver,Normal,Not a Pedestrian,Driving carelessly,Slight Injury,14
15:38:00,Wednesday,31-50,Male,High school,Owner,5-10yr,Pick up upto 10Q,Organization,2-5yrs,No defect,Industrial areas,Two-way (divided with broken lines road marking),Tangent road with flat terrain,Other,Asphalt roads,Wet or damp,Daylight,Normal,Vehicle with vehicle collision,2,1,Going straight,Passenger,Male,31-50,3,Driver,Normal,Not a Pedestrian,Driving carelessly,Serious Injury,15
15:38:00,Wednesday,31-50,Male,Junior high school,Employee,5-10yr,Lorry (41?100Q),Owner,Unknown,No defect,Residential areas,Double carriageway (median),Tangent road with flat terrain,Other,Asphalt roads,Wet or damp,Daylight,Normal,Collision with roadside objects,2,1,Going straight,Driver or rider,Male,31-50,3,Self-employed,Normal,Not a Pedestrian,Changing lane to the right,Serious Injury,15
8:00:00,Wednesday,31-50,Male,Junior high school,Employee,5-10yr,Pick up upto 10Q,Governmental,Above 10yr,No defect,Other,Two-way (divided with broken lines road marking),Tangent road with flat terrain,Y Shape,Asphalt roads,Snow,Daylight,Snow,Vehicle with vehicle collision,2,1,Going straight,na,na,na,na,Other,Normal,Not a Pedestrian,No distancing,Slight Injury,8
8:00:00,Wednesday,Over 51,Male,Junior high school,Employee,5-10yr,Long lorry,Owner,Unknown,No defect,Office areas,Two-way (divided with broken lines road marking),Tangent road with flat terrain,Y Shape,Asphalt roads,Snow,Daylight,Snow,Vehicle with vehicle collision,2,1,Moving Backward,Driver or rider,Male,31-50,3,Driver,Normal,Not a Pedestrian,Driving carelessly,Slight Injury,8
11:31:00,Monday,18-30,Male,Junior high school,Employee,Above 10yr,Automobile,Owner,Unknown,No defect,Industrial areas,Unknown,Tangent road with flat terrain,Y Shape,Asphalt roads,Wet or damp,Daylight,Raining,Vehicle with vehicle collision,2,1,Going straight,na,na,na,na,Driver,Normal,Not a Pedestrian,No priority to pedestrian,Slight Injury,11
11:31:00,Monday,18-30,Male,Junior high school,Employee,5-10yr,Other,Owner,1-2yr,No defect,Industrial areas,Double carriageway (median),Tangent road with flat terrain,Y Shape,Asphalt roads,Wet or damp,Daylight,Raining,Collision with pedestrians,2,1,Other,Driver or rider,Male,31-50,2,Self-employed,Normal,Not a Pedestrian,No distancing,Slight Injury,11
9:20:00,Thursday,31-50,Male,Junior high school,Employee,No Licence,Automobile,Owner,Unknown,No defect,Other,Two-way (divided with broken lines road marking),Tangent road with flat terrain,Other,Asphalt roads,Wet or damp,Daylight,Normal,Vehicle with vehicle collision,2,1,Going straight,na,na,na,na,Driver,Normal,Not a Pedestrian,Moving Backward,Slight Injury,9
9:20:00,Thursday,18-30,Male,Above high school,Employee,Below 1yr,Public (13?45 seats),Organization,Above 10yr,No defect,Hospital areas,Two-way (divided with broken lines road marking),Tangent road with flat terrain,Other,Asphalt roads,Wet or damp,Daylight,Normal,Vehicle with vehicle collision,2,1,Going straight,Driver or rider,Female,18-30,3,Driver,Normal,Not a Pedestrian,Moving Backward,Slight Injury,9
19:09:00,Wednesday,31-50,Male,Elementary school,Employee,5-10yr,Special vehicle,Owner,Unknown,No defect,Office areas,One way,Tangent road with flat terrain,Y Shape,Asphalt roads,Wet or damp,Darkness - lights lit,Cloudy,Vehicle with vehicle collision,1,1,Going straight,na,na,na,na,Driver,Normal,Not a Pedestrian,No priority to vehicle,Slight Injury,19
18:45:00,Saturday,18-30,Male,Elementary school,Employee,5-10yr,Lorry (41?100Q),Owner,2-5yrs,No defect,Church areas,Undivided Two way,Tangent road with flat terrain,No junction,Asphalt roads,Dry,Darkness - lights lit,Normal,Rollover,2,3,Going straight,Driver or rider,Male,Over 51,3,Other,Normal,Not a Pedestrian,No distancing,Slight Injury,18
18:45:00,Saturday,18-30,Male,Junior high school,Employee,5-10yr,Lorry (41?100Q),Organization,5-10yrs,No defect,Hospital areas,Undivided Two way,Tangent road with mountainous terrain and,No junction,Asphalt roads,Dry,Darkness - lights lit,Normal,Collision with roadside objects,2,3,Going straight,na,na,na,na,Driver,Normal,Not a Pedestrian,Moving Backward,Slight Injury,18
18:45:00,Saturday,18-30,Male,High school,Employee,5-10yr,Public (> 45 seats),Owner,Above 10yr,No defect,Office areas,other,Tangent road with flat terrain,No junction,Asphalt roads,Dry,Darkness - lights lit,Normal,Vehicle with vehicle collision,2,3,Moving Backward,na,na,na,na,Driver,Normal,Not a Pedestrian,Changing lane to the right,Slight Injury,18
18:45:00,Saturday,Unknown,Male,Junior high school,Employee,5-10yr,Automobile,Owner,2-5yrs,No defect,Other,Two-way (divided with broken lines road marking),Escarpments,No junction,Asphalt roads,Dry,Darkness - lights lit,Normal,Vehicle with vehicle collision,2,3,Going straight,Driver or rider,Male,31-50,3,Driver,Normal,Not a Pedestrian,Moving Backward,Slight Injury,18
13:40:00,Saturday,Unknown,Male,Junior high school,Employee,2-5yr,Automobile,Owner,1-2yr,No defect,Office areas,Undivided Two way,Tangent road with flat terrain,Y Shape,Asphalt roads,Dry,Daylight,Normal,Collision with roadside objects,2,1,Going straight,na,na,na,na,Driver,Normal,Not a Pedestrian,Changing lane to the right,Slight Injury,13
13:40:00,Saturday,31-50,Male,Writing & reading,Employee,5-10yr,Automobile,Owner,2-5yrs,No defect,Office areas,Two-way (divided with broken lines road marking),Tangent road with mountainous terrain and,Y Shape,Asphalt roads,Dry,Daylight,Normal,Vehicle with vehicle collision,2,1,Going straight,Driver or rider,Male,Over 51,3,Driver,Normal,Not a Pedestrian,Driving carelessly,Slight Injury,13
19:42:00,Monday,Under 18,Male,Junior high school,Employee,Above 10yr,Public (> 45 seats),Owner,Unknown,No defect,Other,Double carriageway (median),Steep grade downward with mountainous terrain,No junction,Asphalt roads,Dry,Darkness - lights lit,Normal,Vehicle with vehicle collision,1,1,Going straight,Pedestrian,Male,31-50,3,Driver,Normal,Crossing from driver's nearside,Changing lane to the right,Serious Injury,19
18:14:00,Saturday,31-50,Male,Junior high school,Employee,1-2yr,Lorry (11?40Q),Owner,1-2yr,No defect,Office areas,Undivided Two way,Tangent road with mild grade and flat terrain,No junction,Asphalt roads,Wet or damp,Darkness - lights lit,Normal,Vehicle with vehicle collision,1,1,Going straight,na,na,na,na,Driver,Normal,Not a Pedestrian,No distancing,Serious Injury,18
19:49:00,Wednesday,18-30,Male,Writing & reading,Employee,Below 1yr,Pick up upto 10Q,Owner,Unknown,No defect,Residential areas,Undivided Two way,Tangent road with flat terrain,No junction,Asphalt roads,Wet or damp,Darkness - lights lit,Normal,Rollover,3,1,Going straight,Driver or rider,Male,31-50,3,Driver,Normal,Not a Pedestrian,Moving Backward,Serious Injury,19
19:49:00,Wednesday,31-50,Male,Elementary school,Employee,1-2yr,Lorry (11?40Q),Owner,Unknown,No defect,Other,Two-way (divided with broken lines road marking),Tangent road with flat terrain,No junction,Asphalt roads,Wet or damp,Darkness - lights lit,Normal,Rollover,3,1,Going straight,na,na,na,na,Driver,Normal,Not a Pedestrian,Driving carelessly,Serious Injury,19
19:49:00,Wednesday,31-50,Male,Junior high school,Employee,5-10yr,Pick up upto 10Q,Owner,2-5yrs,No defect,Office areas,Double carriageway (median),Tangent road with flat terrain,No junction,Asphalt roads,Wet or damp,Darkness - lights lit,Normal,Collision with pedestrians,3,1,Going straight,Driver or rider,Male,18-30,3,Driver,Normal,Not a Pedestrian,No distancing,Serious Injury,19
16:00:00,Thursday,Unknown,Female,Elementary school,Employee,Above 10yr,Special vehicle,Owner,5-10yrs,No defect,Office areas,Undivided Two way,Tangent road with mountainous terrain and,Y Shape,Asphalt roads,Snow,Daylight,Fog or mist,Vehicle with vehicle collision,1,1,Going straight,Driver or rider,Male,18-30,3,Driver,Normal,Not a Pedestrian,No priority to vehicle,Serious Injury,16
18:30:00,Thursday,Unknown,Male,Junior high school,Employee,5-10yr,Lorry (11?40Q),Owner,Unknown,No defect,Office areas,other,Tangent road with flat terrain,Y Shape,Gravel roads,Wet or damp,Darkness - lights lit,Other,Vehicle with vehicle collision,2,1,Going straight,na,na,na,na,Self-employed,Normal,Not a Pedestrian,Changing lane to the right,Slight Injury,18
18:30:00,Thursday,Under 18,Male,Elementary school,Employee,2-5yr,Automobile,Owner,5-10yrs,No defect,Other,Two-way (divided with broken lines road marking),Tangent road with mild grade and flat terrain,Y Shape,Asphalt roads,Wet or damp,Darkness - lights lit,Other,Vehicle with vehicle collision,2,1,Going straight,Pedestrian,Female,31-50,2,Driver,Normal,Unknown or other,Moving Backward,Slight Injury,18
11:30:00,Friday,18-30,Male,Junior high school,Employee,2-5yr,Automobile,Owner,Unknown,No defect,Church areas,Undivided Two way,Tangent road with flat terrain,Other,Asphalt roads,Dry,Daylight,Normal,Collision with pedestrians,1,1,Other,Driver or rider,Male,Under 18,3,Driver,Normal,Not a Pedestrian,Driving under the influence of drugs,Slight Injury,11
16:02:00,Wednesday,Under 18,Male,Junior high school,Employee,Above 10yr,Lorry (41?100Q),Owner,Unknown,No defect,Industrial areas,Undivided Two way,Tangent road with flat terrain,Crossing,Asphalt roads,Wet or damp,Daylight,Normal,Collision with pedestrians,1,1,Going straight,na,na,na,na,Unknown,Normal,Not a Pedestrian,Changing lane to the right,Slight Injury,16
7:48:00,Wednesday,Under 18,Male,Junior high school,Employee,2-5yr,Other,Owner,1-2yr,No defect,Office areas,Double carriageway (median),Tangent road with flat terrain,No junction,Asphalt roads,Dry,Daylight,Normal,Vehicle with vehicle collision,1,1,Going straight,Pedestrian,Male,Over 51,3,Driver,Normal,Not a Pedestrian,No priority to vehicle,Slight Injury,7
18:50:00,Friday,Under 18,Male,Junior high school,Owner,Below 1yr,Other,Owner,Unknown,No defect,Church areas,Undivided Two way,Tangent road with flat terrain,Y Shape,Asphalt roads,Dry,Darkness - lights lit,Normal,Vehicle with vehicle collision,3,2,Going straight,Driver or rider,Male,31-50,3,Driver,Normal,Not a Pedestrian,Changing lane to the left,Slight Injury,18
18:50:00,Friday,Under 18,Male,Junior high school,Employee,2-5yr,Automobile,Owner,Unknown,No defect,Office areas,Undivided Two way,Tangent road with flat terrain,Y Shape,Asphalt roads,Dry,Darkness - lights lit,Normal,Vehicle with vehicle collision,3,2,Going straight,na,na,na,na,Driver,Normal,Not a Pedestrian,Driving carelessly,Slight Injury,18
18:50:00,Friday,Unknown,Male,Junior high school,Employee,Above 10yr,Other,Owner,Unknown,No defect,Office areas,other,Tangent road with flat terrain,Y Shape,Asphalt roads,Dry,Darkness - lights lit,Normal,Collision with roadside objects,3,2,Going straight,na,na,na,na,Other,Normal,Not a Pedestrian,No priority to pedestrian,Slight Injury,18
18:50:00,Friday,Unknown,Female,Junior high school,Employee,2-5yr,Automobile,Owner,Unknown,No defect,Residential areas,Two-way (divided with broken lines road marking),Tangent road with flat terrain,Y Shape,Asphalt roads,Dry,Darkness - lights lit,Normal,Vehicle with vehicle collision,3,2,Going straight,Driver or rider,Male,31-50,3,Other,Normal,Not a Pedestrian,No priority to pedestrian,Slight Injury,18
12:00:00,Wednesday,Unknown,Male,Elementary school,Employee,Above 10yr,Public (13?45 seats),Owner,5-10yrs,No defect,Office areas,Two-way (divided with broken lines road marking),Tangent road with flat terrain,Y Shape,Asphalt roads,Dry,Daylight,Normal,Collision with roadside objects,2,1,Moving Backward,na,na,na,na,Self-employed,Normal,Not a Pedestrian,Changing lane to the right,Slight Injury,12
12:00:00,Wednesday,Over 51,Male,Elementary school,Employee,Above 10yr,Lorry (41?100Q),Owner,5-10yrs,No defect,Residential areas,Undivided Two way,Tangent road with flat terrain,Y Shape,Asphalt roads with some distress,Dry,Daylight,Normal,Vehicle with vehicle collision,2,1,Going straight,na,na,na,na,Driver,Normal,Not a Pedestrian,Drunk driving,Slight Injury,12
21:15:00,Friday,Unknown,Male,Elementary school,Other,Above 10yr,Automobile,Owner,2-5yrs,No defect,Office areas,Double carriageway (median),Tangent road with flat terrain,Crossing,Asphalt roads,Dry,Darkness - lights lit,Normal,Vehicle with vehicle collision,2,1,Going straight,Driver or rider,Male,5,3,Driver,Normal,Not a Pedestrian,Changing lane to the left,Slight Injury,21