Time,Day_of_week,Age_band_of_driver,Sex_of_driver,Educational_level,Vehicle_driver_relation,Driving_experience,Type_of_vehicle,Owner_of_vehicle,Service_year_of_vehicle,Defect_of_vehicle,Area_accident_occured,Lanes_or_Medians,Road_allignment,Types_of_Junction,Road_surface_type,Road_surface_conditions,Light_conditions,Weather_conditions,Type_of_collision,Number_of_vehicles_involved,Number_of_casualties,Vehicle_movement,Casualty_class,Sex_of_casualty,Age_band_of_casualty,Casualty_severity,Work_of_casuality,Fitness_of_casuality,Pedestrian_movement,Cause_of_accident,Accident_severity,Hour
15:33:00,Monday,Under 18,Male,Junior high school,Employee,2-5yr,Other,Owner,Above 10yr,No defect,Office areas,other,Tangent road with flat terrain,Crossing,Asphalt roads,Wet or damp,Daylight,Raining,Vehicle with vehicle collision,2,1,Moving Backward,Driver or rider,Male,31-50,3,Driver,Normal,Not a Pedestrian,Other,Slight Injury,15
14:07:00,Wednesday,31-50,Male,Junior high school,Employee,Below 1yr,Automobile,Owner,2-5yrs,No defect,Other,Two-way (divided with broken lines road marking),Escarpments,No junction,Asphalt roads,Dry,Daylight,Normal,Vehicle with vehicle collision,2,3,Going straight,na,na,na,na,Driver,Normal,Not a Pedestrian,Driving carelessly,Slight Injury,14
14:07:00,Wednesday,18-30,Male,Junior high school,Employee,Below 1yr,Long lorry,Owner,1-2yr,No defect,Office areas,Undivided Two way,Tangent road with flat terrain,No junction,Asphalt roads,Dry,Daylight,Normal,Collision with roadside objects,2,3,Moving Backward,Driver or rider,Male,18-30,3,Driver,Normal,Not a Pedestrian,Changing lane to the left,Slight Injury,14
14:07:00,Wednesday,18-30,Male,Junior high school,Owner,5-10yr,Lorry (11?40Q),Owner,2-5yrs,No defect,Office areas,Two-way (divided with broken lines road marking),Tangent road with mountainous terrain and,No junction,Asphalt roads,Dry,Daylight,Normal,Vehicle with vehicle collision,2,3,Other,na,na,na,na,Driver,Normal,Not a Pedestrian,Driving carelessly,Slight Injury,14
14:07:00,Wednesday,18-30,Male,Junior high school,Employee,2-5yr,Long lorry,Owner,Unknown,No defect,Other,Double carriageway (median),Steep grade downward with mountainous terrain,No junction,Earth roads,Dry,Daylight,Normal,Vehicle with vehicle collision,2,3,Going straight,Driver or rider,Female,18-30,3,Driver,Normal,Not a Pedestrian,Changing lane to the left,Slight Injury,14
11:30:00,Saturday,31-50,Male,Elementary school,Employee,Below 1yr,Automobile,Owner,1-2yr,No defect,Office areas,Undivided Two way,Tangent road with mild grade and flat terrain,Y Shape,Asphalt roads,Dry,Daylight,Normal,Collision with roadside objects,2,1,Reversing,Pedestrian,Male,Under 18,3,Driver,Normal,Crossing from nearside - masked by parked or statioNot a Pedestrianry vehicle,No priority to vehicle,Slight Injury,11
11:30:00,Saturday,31-50,Male,Junior high school,Employee,2-5yr,Taxi,Owner,Unknown,No defect,Residential areas,Undivided Two way,Tangent road with flat terrain,Y Shape,Asphalt roads,Dry,Daylight,Normal,Collision with roadside objects,2,1,Going straight,na,na,na,na,Driver,Normal,Not a Pedestrian,No distancing,Slight Injury,11
17:05:00,Thursday,31-50,Male,Junior high school,Employee,5-10yr,Taxi,Owner,Unknown,No defect,Other,Two-way (divided with broken lines road marking),Tangent road with flat terrain,Y Shape,Asphalt roads,Dry,Daylight,Normal,Vehicle with vehicle collision,1,1,Other,Driver or rider,Male,18-30,3,Driver,Normal,Not a Pedestrian,Changing lane to the right,Slight Injury,17
13:45:00,Wednesday,31-50,Male,High school,Employee,Above 10yr,Long lorry,Owner,2-5yrs,No defect,Office areas,Double carriageway (median),Tangent road with flat terrain,Crossing,Asphalt roads,Dry,Daylight,Normal,Vehicle with vehicle collision,2,1,Other,Passenger,Female,18-30,3,Self-employed,Normal,Not a Pedestrian,Changing lane to the right,Slight Injury,13
13:45:00,Wednesday,31-50,Male,High school,Employee,Above 10yr,Lorry (11?40Q),Owner,5-10yrs,No defect,Office areas,Undivided Two way,Tangent road with mountainous terrain and,Crossing,Earth roads,Dry,Daylight,Normal,Vehicle with vehicle collision,2,1,Other,Passenger,Male,31-50,3,Driver,Normal,Not a Pedestrian,Driving at high speed,Slight Injury,13
7:10:00,Sunday,18-30,Male,Junior high school,Employee,5-10yr,Lorry (11?40Q),Owner,Unknown,No defect,Office areas,other,Tangent road with flat terrain,No junction,Asphalt roads,Dry,Daylight,Normal,Vehicle with vehicle collision,1,1,Stopping,Driver or rider,Male,31-50,3,Driver,Normal,Not a Pedestrian,No distancing,Serious Injury,7
16:53:00,Wednesday,Unknown,Female,Elementary school,Employee,1-2yr,Long lorry,Owner,5-10yrs,No defect,Other,Two-way (divided with broken lines road marking),Tangent road with mild grade and flat terrain,No junction,Asphalt roads,Dry,Daylight,Normal,Vehicle with vehicle collision,2,2,Other,na,na,na,na,Self-employed,Normal,Not a Pedestrian,Changing lane to the right,Slight Injury,16
16:53:00,Wednesday,18-30,Male,Elementary school,Employee,5-10yr,Turbo,Owner,Unknown,No defect,Church areas,Undivided Two way,Tangent road with flat terrain,No junction,Earth roads,Dry,Daylight,Normal,Vehicle with vehicle collision,2,2,Other,Driver or rider,Male,31-50,3,Driver,Normal,Not a Pedestrian,Changing lane to the left,Slight Injury,16
16:53:00,Wednesday,18-30,Male,Junior high school,Employee,5-10yr,Long lorry,Owner,Unknown,No defect,Industrial areas,Undivided Two way,Tangent road with flat terrain,No junction,Asphalt roads,Dry,Daylight,Normal,Vehicle with vehicle collision,2,2,Other,na,na,na,na,Driver,Normal,Not a Pedestrian,Getting off the vehicle improperly,Slight Injury,16
15:25:00,Saturday,Under 18,Male,Junior high school,Employee,1-2yr,Long lorry,Owner,1-2yr,No defect,Office areas,Double carriageway (median),Tangent road with flat terrain,Crossing,Asphalt roads,Dry,Daylight,Normal,Vehicle with vehicle collision,2,1,Going straight,na,na,na,na,Other,Normal,Not a Pedestrian,Other,Slight Injury,15
15:25:00,Saturday,18-30,Male,Junior high school,Owner,5-10yr,Public (13?45 seats),Owner,Unknown,No defect,Church areas,Undivided Two way,Tangent road with flat terrain,Crossing,Asphalt roads,Dry,Daylight,Normal,Vehicle with vehicle collision,2,1,Going straight,Driver or rider,Female,18-30,3,Driver,Normal,Not a Pedestrian,Other,Slight Injury,15
15:30:00,Friday,Unknown,Female,High school,Owner,Above 10yr,Automobile,Owner,Unknown,No defect,Office areas,Undivided Two way,Tangent road with flat terrain,No junction,Asphalt roads,Dry,Daylight,Normal,Vehicle with vehicle collision,1,1,Going straight,Driver or rider,Male,31-50,3,Self-employed,Normal,Not a Pedestrian,No distancing,Slight Injury,15
10:50:00,Saturday,18-30,Male,Junior high school,Owner,Below 1yr,Automobile,Owner,Unknown,No defect,Office areas,other,Tangent road with flat terrain,No junction,Asphalt roads,Dry,Daylight,Normal,Vehicle with vehicle collision,2,1,Going straight,Driver or rider,Male,31-50,3,Driver,Normal,Not a Pedestrian,No priority to vehicle,Serious Injury,10
10:50:00,Saturday,18-30,Male,Writing & reading,Owner,5-10yr,Pick up upto 10Q,Owner,Unknown,No defect,Residential areas,Two-way (divided with broken lines road marking),Tangent road with flat terrain,No junction,Asphalt roads,Dry,Daylight,Normal,Vehicle with vehicle collision,2,1,Going straight,Passenger,Male,31-50,3,Driver,Normal,Not a Pedestrian,Overtaking,Serious Injury,10
15:48:00,Sunday,18-30,Male,Above high school,Employee,Above 10yr,Automobile,Owner,5-10yrs,No defect,Office areas,Two-way (divided with broken lines road marking),Tangent road with flat terrain,Crossing,Asphalt roads,Dry,Daylight,Normal,Vehicle with vehicle collision,2,1,Going straight,Driver or rider,Male,Over 51,2,Driver,Normal,Not a Pedestrian,No priority to pedestrian,Slight Injury,15
15:48:00,Sunday,18-30,Male,High school,Employee,Below 1yr,Stationwagen,Owner,5-10yrs,No defect,Residential areas,Undivided Two way,Tangent road with flat terrain,Crossing,Asphalt roads,Dry,Daylight,Normal,Vehicle with vehicle collision,2,1,Going straight,na,na,na,na,Driver,Normal,Not a Pedestrian,No distancing,Slight Injury,15
18:40:00,Sunday,18-30,Male,Junior high school,Employee,1-2yr,Automobile,Owner,2-5yrs,No defect,Office areas,Double carriageway (median),Tangent road with flat terrain,No junction,Asphalt roads,Dry,Daylight,Normal,Vehicle with vehicle collision,3,2,Going straight,Driver or rider,Male,18-30,3,Driver,Normal,Not a Pedestrian,Changing lane to the right,Slight Injury,18
18:40:00,Sunday,31-50,Male,Junior high school,Employee,Above 10yr,Automobile,Owner,2-5yrs,No defect,Office areas,Double carriageway (median),Tangent road with flat terrain,No junction,Asphalt roads,Dry,Daylight,Normal,Vehicle with vehicle collision,3,2,Going straight,na,na,na,na,Driver,Normal,Not a Pedestrian,Driving carelessly,Slight Injury,18
18:40:00,Sunday,18-30,Male,Junior high school,Owner,Above 10yr,Automobile,Owner,Unknown,No defect,Other,Two-way (divided with broken lines road marking),Tangent road with flat terrain,No junction,Asphalt roads,Dry,Daylight,Normal,Vehicle with vehicle collision,3,2,Going straight,Driver or rider,Male,Over 51,3,Driver,Normal,Not a Pedestrian,Changing lane to the right,Slight Injury,18
23:50:00,Thursday,18-30,Male,Junior high school,Employee,Above 10yr,Long lorry,Owner,Unknown,No defect,Other,Two-way (divided with broken lines road marking),Tangent road with flat terrain,No junction,Asphalt roads,Dry,Darkness - lights lit,Normal,Vehicle with vehicle collision,1,1,Going straight,na,na,na,na,Driver,Normal,Not a Pedestrian,Overtaking,Slight Injury,23
12:25:00,Thursday,Under 18,Male,Junior high school,Employee,No Licence,Public (13?45 seats),Owner,Above 10yr,No defect,Residential areas,Two-way (divided with broken lines road marking),Tangent road with flat terrain,Y Shape,Asphalt roads with some distress,Dry,Daylight,Normal,Collision with roadside objects,2,1,Reversing,Driver or rider,Male,31-50,3,Driver,Normal,Not a Pedestrian,Other,Slight Injury,12
12:25:00,Thursday,31-50,Male,Junior high school,Employee,1-2yr,Public (13?45 seats),Owner,Unknown,No defect,Church areas,Two-way (divided with broken lines road marking),Tangent road with flat terrain,Y Shape,Asphalt roads,Dry,Daylight,Normal,Vehicle with vehicle collision,2,1,Going straight,na,na,na,na,Driver,Normal,Not a Pedestrian,Driving to the left,Slight Injury,12
18:30:00,Thursday,18-30,Male,Illiterate,Owner,1-2yr,Lorry (11?40Q),Governmental,Unknown,No defect,Church areas,Double carriageway (median),Tangent road with flat terrain,No junction,Asphalt roads,Dry,Daylight,Normal,Collision with pedestrians,2,1,Other,Driver or rider,Male,31-50,3,Driver,Normal,Not a Pedestrian,Driving at high speed,Slight Injury,18
18:30:00,Thursday,18-30,Male,Junior high school,Owner,Below 1yr,Lorry (11?40Q),Owner,2-5yrs,No defect,Residential areas,Double carriageway (median),Tangent road with flat terrain,No junction,Asphalt roads,Dry,Daylight,Normal,Vehicle with vehicle collision,2,1,Going straight,na,na,na,na,Driver,Normal,Not a Pedestrian,Unknown,Slight Injury,18
8:45:00,Wednesday,31-50,Male,Junior high school,Owner,1-2yr,Pick up upto 10Q,Owner,Unknown,No defect,Office areas,Two-way (divided with broken lines road marking),Tangent road with mild grade and flat terrain,Y Shape,Asphalt roads,Dry,Daylight,Normal,Collision with roadside objects,2,1,Getting off,Driver or rider,Male,18-30,3,Driver,Normal,Not a Pedestrian,Moving Backward,Serious Injury,8
8:45:00,Wednesday,18-30,Male,Junior high school,Owner,2-5yr,Automobile,Owner,5-10yrs,No defect,Office areas,Two-way (divided with broken lines road marking),Tangent road with mild grade and flat terrain,Y Shape,Asphalt roads,Dry,Daylight,Normal,Vehicle with vehicle collision,2,1,Going straight,na,na,na,na,Driver,Normal,Not a Pedestrian,Overtaking,Serious Injury,8
6:45:00,Friday,Over 51,Male,Unknown,Owner,5-10yr,Automobile,Owner,2-5yrs,No defect,Residential areas,Two-way (divided with broken lines road marking),Tangent road with flat terrain,Crossing,Asphalt roads,Dry,Daylight,Normal,Vehicle with vehicle collision,2,1,Going straight,Driver or rider,Male,18-30,2,Driver,Normal,Not a Pedestrian,Changing lane to the left,Slight Injury,6
6:45:00,Friday,18-30,Male,Unknown,Owner,Above 10yr,Automobile,Owner,5-10yrs,No defect,Church areas,other,Tangent road with flat terrain,Crossing,Asphalt roads,Dry,Daylight,Normal,Vehicle with vehicle collision,2,1,Going straight,Driver or rider,Male,31-50,3,Driver,Normal,Not a Pedestrian,Changing lane to the right,Slight Injury,6
12:05:00,Thursday,31-50,Male,Junior high school,Owner,2-5yr,Long lorry,Owner,Above 10yr,No defect,Residential areas,Two-way (divided with broken lines road marking),Tangent road with flat terrain,No junction,Asphalt roads,Dry,Daylight,Normal,Vehicle with vehicle collision,3,2,Going straight,na,na,na,na,Driver,Normal,Not a Pedestrian,Overtaking,Slight Injury,12
12:05:00,Thursday,31-50,Male,Elementary school,Owner,Above 10yr,Long lorry,Owner,5-10yrs,No defect,Office areas,Undivided Two way,Tangent road with flat terrain,No junction,Asphalt roads,Dry,Daylight,Normal,Vehicle with vehicle collision,3,2,Turnover,Pedestrian,Male,18-30,3,Driver,Normal,Unknown or other,Overloading,Slight Injury,12
12:05:00,Thursday,18-30,Male,Writing & reading,Owner,5-10yr,Automobile,Owner,Unknown,No defect,Recreational areas,other,Tangent road with flat terrain,No junction,Asphalt roads,Dry,Daylight,Normal,Rollover,3,2,Entering a junction,na,na,na,na,Driver,Normal,Not a Pedestrian,Other,Slight Injury,12
22:47:00,Saturday,18-30,Male,Junior high school,Owner,5-10yr,Stationwagen,Governmental,Unknown,No defect,Office areas,other,Tangent road with mild grade and flat terrain,No junction,Asphalt roads,Dry,Darkness - lights lit,Normal,Collision with roadside objects,1,1,Entering a junction,Driver or rider,Male,Under 18,3,Driver,Normal,Not a Pedestrian,No priority to vehicle,Slight Injury,22
10:15:00,Tuesday,31-50,Male,Junior high school,Owner,5-10yr,Automobile,Owner,5-10yrs,No defect,Industrial areas,other,Tangent road with flat terrain,Other,Asphalt roads,Dry,Daylight,Normal,Vehicle with vehicle collision,3,1,Entering a junction,Passenger,Female,Under 18,3,Driver,Normal,Not a Pedestrian,Changing lane to the right,Slight Injury,10
10:15:00,Tuesday,31-50,Unknown,Junior high school,Owner,Below 1yr,Other,Owner,Unknown,No defect,Other,Two-way (divided with broken lines road marking),Tangent road with flat terrain,Other,Asphalt roads,Dry,Daylight,Normal,Vehicle with vehicle collision,3,1,Entering a junction,na,na,na,na,Driver,Normal,Not a Pedestrian,Moving Backward,Slight Injury,10
10:15:00,Tuesday,31-50,Male,Junior high school,Owner,2-5yr,Special vehicle,Owner,Unknown,No defect,Residential areas,Undivided Two way,Tangent road with flat terrain,Other,Asphalt roads,Dry,Daylight,Normal,Collision with roadside objects,3,1,Other,na,na,na,na,Driver,Normal,Not a Pedestrian,Changing lane to the left,Slight Injury,10
10:30:00,Monday,18-30,Male,Elementary school,Employee,2-5yr,Lorry (41?100Q),Governmental,Above 10yr,No defect,Residential areas,other,Tangent road with flat terrain,No junction,Asphalt roads,Dry,Daylight,Normal,Vehicle with vehicle collision,2,1,Entering a junction,na,na,na,na,Driver,Normal,Not a Pedestrian,No priority to pedestrian,Slight Injury,10
10:30:00,Monday,18-30,Male,Junior high school,Employee,2-5yr,Pick up upto 10Q,Owner,1-2yr,No defect,Industrial areas,other,Tangent road with flat terrain,No junction,Asphalt roads,Dry,Daylight,Normal,Vehicle with vehicle collision,2,1,Turnover,Passenger,Male,31-50,3,Student,Normal,Not a Pedestrian,No distancing,Slight Injury,10
20:40:00,Wednesday,18-30,Male,Junior high school,Employee,2-5yr,Lorry (11?40Q),Owner,2-5yrs,No defect,Residential areas,Undivided Two way,Tangent road with flat terrain,Unknown,Asphalt roads,Dry,Darkness - lights lit,Normal,Vehicle with vehicle collision,2,1,Entering a junction,Pedestrian,Female,Under 18,3,Driver,Normal,Crossing from driver's nearside,No priority to vehicle,Slight Injury,20
20:40:00,Wednesday,Under 18,Male,Junior high school,Employee,5-10yr,Lorry (41?100Q),Owner,Unknown,No defect,Residential areas,other,Tangent road with flat terrain,Unknown,Asphalt roads,Dry,Darkness - lights lit,Normal,Vehicle with vehicle collision,2,1,Entering a junction,Driver or rider,Female,18-30,3,Driver,Normal,Not a Pedestrian,No distancing,Slight Injury,20
10:00:00,Monday,Over 51,Male,Junior high school,Employee,5-10yr,Motorcycle,Owner,Unknown,No defect,Office areas,Undivided Two way,Tangent road with flat terrain,Y Shape,Asphalt roads,Dry,Daylight,Normal,Vehicle with vehicle collision,2,3,Entering a junction,na,na,na,na,Driver,Normal,Not a Pedestrian,No distancing,Slight Injury,10
10:00:00,Monday,Over 51,Male,Junior high school,Employee,Above 10yr,Automobile,Owner,2-5yrs,No defect,Office areas,Double carriageway (median),Escarpments,Y Shape,Gravel roads,Dry,Daylight,Normal,Vehicle with vehicle collision,2,3,Entering a junction,Passenger,Male,Over 51,3,Driver,Normal,Not a Pedestrian,Moving Backward,Slight Injury,10
10:00:00,Monday,Over 51,Male,Elementary school,Employee,5-10yr,Automobile,Owner,Above 10yr,No defect,Office areas,other,Tangent road with flat terrain,Y Shape,Asphalt roads,Dry,Daylight,Normal,Collision with pedestrians,2,3,Entering a junction,Passenger,Male,31-50,3,Driver,Normal,Not a Pedestrian,Changing lane to the right,Slight Injury,10
10:00:00,Monday,Over 51,Male,Junior high school,Employee,5-10yr,Automobile,Owner,1-2yr,No defect,Office areas,Undivided Two way,Escarpments,Y Shape,Asphalt roads,Dry,Daylight,Normal,Vehicle with vehicle collision,2,3,Other,Pedestrian,Female,31-50,3,Driver,Normal,Unknown or other,No priority to pedestrian,Slight Injury,10
17:35:00,Sunday,18-30,Male,Junior high school,Employee,Above 10yr,Stationwagen,Owner,Unknown,No defect,Office areas,One way,Tangent road with flat terrain,Other,Asphalt roads,Dry,Daylight,Normal,Collision with roadside objects,2,1,Going straight,Pedestrian,Male,18-30,3,Driver,Normal,Crossing from nearside - masked by parked or statioNot a Pedestrianry vehicle,Moving Backward,Slight Injury,17
17:35:00,Sunday,31-50,Male,Elementary school,Owner,5-10yr,Automobile,Owner,Unknown,No defect,Office areas,Undivided Two way,Tangent road with flat terrain,Other,Asphalt roads,Dry,Daylight,Normal,Vehicle with vehicle collision,2,1,Going straight,Driver or rider,Male,18-30,3,Driver,Normal,Not a Pedestrian,Getting off the vehicle improperly,Slight Injury,17
0:28:00,Saturday,18-30,Male,Junior high school,Owner,5-10yr,Public (> 45 seats),Owner,Unknown,No defect,Office areas,other,Tangent road with flat terrain,Y Shape,Asphalt roads,Dry,Darkness - lights lit,Normal,Vehicle with vehicle collision,2,2,Other,na,na,na,na,Driver,Normal,Not a Pedestrian,Overtaking,Slight Injury,0
0:28:00,Saturday,18-30,Male,Junior high school,Employee,5-10yr,Public (> 45 seats),Owner,Above 10yr,No defect,Residential areas,other,Tangent road with flat terrain,Y Shape,Asphalt roads,Dry,Darkness - lights lit,Normal,Vehicle with vehicle collision,2,2,Going straight,Pedestrian,Female,31-50,3,Driver,Normal,Unknown or other,Overloading,Slight Injury,0
0:28:00,Saturday,31-50,Male,Junior high school,Employee,Below 1yr,Stationwagen,Owner,5-10yrs,No defect,Residential areas,One way,Tangent road with flat terrain,Y Shape,Asphalt roads,Dry,Darkness - lights lit,Normal,Vehicle with vehicle collision,2,2,Going straight,Driver or rider,Male,18-30,3,Driver,Normal,Not a Pedestrian,Changing lane to the right,Slight Injury,0
9:23:00,Saturday,18-30,Male,Junior high school,Employee,5-10yr,Automobile,Owner,Unknown,No defect,Other,One way,Tangent road with flat terrain,Crossing,Asphalt roads,Dry,Daylight,Normal,Vehicle with vehicle collision,2,2,Going straight,na,na,na,na,Driver,Normal,Not a Pedestrian,Improper parking,Slight Injury,9
9:23:00,Saturday,Over 51,Male,Junior high school,Employee,5-10yr,Bicycle,Owner,5-10yrs,No defect,Church areas,Undivided Two way,Tangent road with flat terrain,Crossing,Asphalt roads,Dry,Daylight,Normal,Vehicle with vehicle collision,2,2,Going straight,Pedestrian,Male,Over 51,3,Other,Normal,Crossing from offside - masked by  parked or statioNot a Pedestrianry vehicle,Other,Slight Injury,9
6:33:00,Wednesday,31-50,Male,Junior high school,Employee,5-10yr,Automobile,Owner,Unknown,No defect,Recreational areas,other,Tangent road with flat terrain,Crossing,Asphalt roads,Wet or damp,Daylight,Normal,Vehicle with vehicle collision,2,1,Going straight,na,na,na,na,Driver,Normal,Not a Pedestrian,Changing lane to the left,Slight Injury,6
6:33:00,Wednesday,31-50,Male,Junior high school,Employee,Above 10yr,Lorry (41?100Q),Owner,Unknown,No defect,Industrial areas,Undivided Two way,Tangent road with flat terrain,Crossing,Asphalt roads,Wet or damp,Daylight,Normal,Vehicle with vehicle collision,2,1,Reversing,Driver or rider,Male,5,3,Driver,Normal,Not a Pedestrian,Changing lane to the right,Slight Injury,6
22:10:00,Tuesday,Unknown,Female,High school,Employee,Above 10yr,Automobile,Owner,Unknown,No defect,Residential areas,other,Tangent road with flat terrain,Y Shape,Asphalt roads,Dry,Darkness - lights lit,Normal,Vehicle with vehicle collision,1,1,Moving Backward,Pedestrian,Female,18-30,3,Driver,Normal,Crossing from offside - masked by  parked or statioNot a Pedestrianry vehicle,No priority to pedestrian,Slight Injury,22
5:20:00,Thursday,31-50,Male,Junior high school,Employee,Above 10yr,Public (13?45 seats),Owner,Above 10yr,No defect,Residential areas,other,Tangent road with rolling terrain,Y Shape,Asphalt roads,Wet or damp,Daylight,Raining,Collision with roadside objects,2,1,Overtaking,na,na,na,na,Driver,Normal,Not a Pedestrian,Overspeed,Slight Injury,5
5:20:00,Thursday,18-30,Male,Junior high school,Employee,Above 10yr,Special vehicle,Owner,2-5yrs,No defect,Office areas,Double carriageway (median),Tangent road with flat terrain,Y Shape,Asphalt roads,Wet or damp,Daylight,Raining,Vehicle with vehicle collision,2,1,Going straight,Driver or rider,Male,18-30,3,Unemployed,Normal,Not a Pedestrian,Changing lane to the left,Slight Injury,5
10:20:00,Saturday,31-50,Male,Junior high school,Employee,Above 10yr,Automobile,Owner,2-5yrs,No defect,Market areas,Undivided Two way,Tangent road with flat terrain,Crossing,Gravel roads,Dry,Daylight,Normal,Collision with roadside objects,2,1,Going straight,Driver or rider,Female,18-30,3,Driver,Normal,Not a Pedestrian,No priority to vehicle,Slight Injury,10
10:20:00,Saturday,31-50,Male,Junior high school,Employee,Above 10yr,Public (13?45 seats),Owner,Unknown,No defect,Unknown,other,Tangent road with flat terrain,Crossing,Asphalt roads,Dry,Daylight,Normal,Vehicle with vehicle collision,2,1,Going straight,na,na,na,na,Driver,Normal,Not a Pedestrian,Changing lane to the right,Slight Injury,10
22:43:00,Saturday,18-30,Male,Junior high school,Employee,5-10yr,Automobile,Owner,Unknown,No defect,Industrial areas,other,Tangent road with flat terrain,No junction,Asphalt roads,Dry,Darkness - lights lit,Normal,Vehicle with vehicle collision,2,1,Going straight,Pedestrian,Female,31-50,3,Driver,Normal,Crossing from nearside - masked by parked or statioNot a Pedestrianry vehicle,No distancing,Serious Injury,22
22:43:00,Saturday,31-50,Male,Junior high school,Employee,2-5yr,Lorry (41?100Q),Owner,Unknown,No defect,Residential areas,Two-way (divided with solid lines road marking),Tangent road with flat terrain,No junction,Asphalt roads,Dry,Darkness - lights lit,Normal,Vehicle with vehicle collision,2,1,Going straight,Driver or rider,Male,18-30,2,Driver,Normal,Not a Pedestrian,No priority to pedestrian,Serious Injury,22
15:06:00,Thursday,18-30,Male,Junior high school,Employee,Below 1yr,Lorry (41?100Q),Governmental,Below 1yr,No defect,Residential areas,Undivided Two way,Tangent road with flat terrain,Y Shape,Asphalt roads,Dry,Daylight,Normal,Collision with pedestrians,1,1,Going straight,Passenger,Female,18-30,3,Employee,Normal,Not a Pedestrian,No distancing,Slight Injury,15
16:47:00,Monday,18-30,Male,Junior high school,Employee,Below 1yr,Public (12 seats),Owner,5-10yrs,No defect,Other,Undivided Two way,Tangent road with flat terrain,Crossing,Earth roads,Dry,Daylight,Normal,Vehicle with vehicle collision,2,1,Going straight,Driver or rider,Male,Under 18,3,Driver,Normal,Not a Pedestrian,No priority to vehicle,Slight Injury,16
16:47:00,Monday,31-50,Male,Junior high school,Employee,2-5yr,Lorry (41?100Q),Governmental,Unknown,No defect,Residential areas,other,Tangent road with flat terrain,Crossing,Asphalt roads,Dry,Daylight,Normal,Vehicle with vehicle collision,2,1,Reversing,Passenger,Female,Under 18,3,Self-employed,Normal,Not a Pedestrian,Other,Slight Injury,16
17:06:00,Thursday,31-50,Male,Elementary school,Employee,Below 1yr,Lorry (41?100Q),Owner,1-2yr,No defect,Rural village areas,Undivided Two way,Gentle horizontal curve,Crossing,Asphalt roads,Dry,Daylight,Normal,Vehicle with vehicle collision,2,1,Going straight,na,na,na,na,Driver,Normal,Not a Pedestrian,Driving carelessly,Slight Injury,17
17:06:00,Thursday,31-50,Male,Junior high school,Employee,Below 1yr,Public (12 seats),Owner,2-5yrs,No defect,Rural village areas,Undivided Two way,Gentle horizontal curve,Crossing,Asphalt roads,Dry,Daylight,Normal,Collision with pedestrians,2,1,Going straight,Driver or rider,Male,31-50,3,Driver,Normal,Not a Pedestrian,Changing lane to the left,Slight Injury,17
17:15:00,Tuesday,18-30,Female,Junior high school,Employee,5-10yr,Public (> 45 seats),Owner,Unknown,No defect,Office areas,Double carriageway (median),Tangent road with flat terrain,No junction,Gravel roads,Dry,Daylight,Normal,Collision with roadside objects,2,1,Other,na,na,na,na,Driver,Normal,Not a Pedestrian,Driving carelessly,Slight Injury,17
17:15:00,Tuesday,18-30,Male,Junior high school,Employee,5-10yr,Automobile,Owner,2-5yrs,No defect,Residential areas,Undivided Two way,Gentle horizontal curve,No junction,Asphalt roads,Dry,Daylight,Normal,Vehicle with vehicle collision,2,1,Entering a junction,na,na,na,na,Driver,Normal,Not a Pedestrian,Changing lane to the left,Slight Injury,17
20:00:00,Tuesday,31-50,Male,Writing & reading,Employee,Below 1yr,Pick up upto 10Q,Owner,Unknown,No defect,Residential areas,other,Tangent road with flat terrain,Y Shape,Asphalt roads,Dry,Daylight,Normal,Vehicle with vehicle collision,2,1,Turnover,Driver or rider,Male,Under 18,3,Driver,Normal,Not a Pedestrian,No priority to vehicle,Slight Injury,20
20:00:00,Tuesday,31-50,Male,Junior high school,Employee,Below 1yr,Stationwagen,Owner,Unknown,7,Outside rural areas,other,Tangent road with flat terrain,Y Shape,Asphalt roads,Dry,Daylight,Normal,Vehicle with vehicle collision,2,1,Going straight,Pedestrian,Female,18-30,2,Driver,Normal,Unknown or other,No distancing,Slight Injury,20
15:10:00,Wednesday,31-50,Male,Junior high school,Employee,1-2yr,Other,Owner,Above 10yr,No defect,Residential areas,other,Tangent road with flat terrain,Y Shape,Earth roads,Dry,Daylight,Normal,Vehicle with vehicle collision,2,1,Going straight,Driver or rider,Male,Over 51,3,Driver,Normal,Not a Pedestrian,Changing lane to the right,Slight Injury,15
15:10:00,Wednesday,18-30,Male,Elementary school,Employee,Above 10yr,Automobile,Owner,5-10yrs,5,Church areas,other,Tangent road with flat terrain,Y Shape,Asphalt roads,Dry,Daylight,Normal,Vehicle with vehicle collision,2,1,Going straight,na,na,na,na,Driver,Normal,Not a Pedestrian,Changing lane to the right,Slight Injury,15
9:06:00,Monday,31-50,Male,Elementary school,Employee,Above 10yr,Automobile,Owner,Unknown,No defect,Office areas,Undivided Two way,Tangent road with flat terrain,Y Shape,Asphalt roads,Dry,Daylight,Normal,Vehicle with vehicle collision,4,1,Going straight,Pedestrian,Female,Over 51,3,Driver,Normal,Crossing from nearside - masked by parked or statioNot a Pedestrianry vehicle,Driving at high speed,Slight Injury,9
9:06:00,Monday,31-50,Male,Elementary school,Employee,Below 1yr,Stationwagen,Owner,Unknown,No defect,Office areas,Two-way (divided with broken lines road marking),Tangent road with mountainous terrain and,Y Shape,Asphalt roads,Dry,Daylight,Normal,Vehicle with vehicle collision,4,1,Going straight,na,na,na,na,Driver,Normal,Not a Pedestrian,No distancing,Slight Injury,9